{
    "comments": [
        {
            "avatar": "https://fuss10.elemecdn.com/2/e1/71fce8fcf471aa29bbdf9748a5bfajpeg.jpeg",
            "food_ratings": [
                {
                    "food_id": 1704471455,
                    "rate_name": "金猪纳福多人分享套餐",
                    "rating": 4,
                    "rating_text": "",
                    "sku_id": 100000031936547980,
                    "sku_id_str": "100000031936547977"
                }
            ],
            "highlights_v2": {},
            "is_super_vip": false,
            "is_taobao_vip": false,
            "order_id": 2105116635957573600,
            "order_images": [
                {
                    "food_ids": [
                        1704471455
                    ],
                    "food_names": [
                        "金猪纳福多人分享套餐"
                    ],
                    "image_hash": "https://fuss10.elemecdn.com/e/8c/b0c329ce14c228a7780791dd756ddjpeg.jpeg"
                },
                {
                  "food_ids": [
                      1253653527
                  ],
                  "food_names": [
                      "美式鸡排堡"
                  ],
                  "image_hash": "https://fuss10.elemecdn.com/1/15/dc99758f8955e3a6f750e49f37f52jpeg.jpeg"
              },
              {
                "food_ids": [
                    1253653527
                ],
                "food_names": [
                    "美式鸡排堡"
                ],
                "image_hash": "https://fuss10.elemecdn.com/1/15/dc99758f8955e3a6f750e49f37f52jpeg.jpeg"
            }
            ],
            "rated_at": "2019-03-08",
            "rating": 5,
            "rating_text": "",
            "reply": {
                "content": "感谢您对于汉堡王外送的支持和鼓励。对此，我们深感荣幸。我们一定会再接再厉，期待您的再次点餐，谢谢！",
                "created_at": "2019-03-09 02:22:06"
            },
            "tags": [
                ""
            ],
            "time_spent_desc": "",
            "username": "李******v"
        },
        {
            "avatar": "",
            "food_ratings": [
                {
                    "food_id": 1253653527,
                    "rate_name": "美式鸡排堡",
                    "rating": 5,
                    "rating_text": "啊啊啊，好吃的，哈哈哈哈哈哈哈哈哈美式鸡排堡 ",
                    "sku_id": 200000054941211780,
                    "sku_id_str": "200000054941211785"
                }
            ],
            "highlights_v2": {
                "美式鸡排堡": 200000054941211780
            },
            "is_super_vip": false,
            "is_taobao_vip": false,
            "order_id": 2104956687248380000,
            "order_images": [
                {
                    "food_ids": [
                        1253653527
                    ],
                    "food_names": [
                        "美式鸡排堡"
                    ],
                    "image_hash": "https://fuss10.elemecdn.com/1/15/dc99758f8955e3a6f750e49f37f52jpeg.jpeg"
                },
                {
                  "food_ids": [
                      997403015
                  ],
                  "food_names": [
                      "跨年送福单人套餐"
                  ],
                  "image_hash": "https://fuss10.elemecdn.com/4/26/ddf498803f86b9b372edab691ca5djpeg.jpeg"
              }
            ],
            "rated_at": "2019-03-05",
            "rating": 5,
            "rating_text": "啊啊啊，好吃的，哈哈哈哈哈哈哈哈哈美式鸡排堡 ",
            "reply": {
                "content": "感谢您对于汉堡王外送的支持和鼓励。对此，我们深感荣幸。我们一定会再接再厉，期待您的再次点餐，谢谢！",
                "created_at": "2019-03-06 02:22:29"
            },
            "tags": [
                ""
            ],
            "time_spent_desc": "",
            "username": "彭******喂"
        },
        {
            "avatar": "",
            "food_ratings": [
                {
                    "food_id": 1253653527,
                    "rate_name": "美式鸡排堡",
                    "rating": 5,
                    "rating_text": "",
                    "sku_id": 200000054941211780,
                    "sku_id_str": "200000054941211785"
                }
            ],
            "highlights_v2": {},
            "is_super_vip": false,
            "is_taobao_vip": false,
            "order_id": 3037648162535100400,
            "order_images": [
                {
                    "food_ids": [
                        1253653527
                    ],
                    "food_names": [
                        "美式鸡排堡"
                    ],
                    "image_hash": "https://fuss10.elemecdn.com/8/e1/733b4ae2084cb98481a3188ccce4ajpeg.jpeg"
                }
            ],
            "rated_at": "2019-03-05",
            "rating": 5,
            "rating_text": "好得cuddle，不得了，啊",
            "reply": {
                "content": "感谢您对于汉堡王外送的支持和鼓励。对此，我们深感荣幸。我们一定会再接再厉，期待您的再次点餐，谢谢！",
                "created_at": "2019-03-06 02:22:29"
            },
            "tags": [
                ""
            ],
            "time_spent_desc": "",
            "username": "彭******喂"
        },
        {
            "avatar": "",
            "food_ratings": [
                {
                    "food_id": 826476635,
                    "rate_name": "新美式双料鸡肉全麦卷",
                    "rating": 5,
                    "rating_text": "",
                    "sku_id": 446672102537,
                    "sku_id_str": "446672102537"
                },
                {
                    "food_id": 1702166255,
                    "rate_name": "火烤牛肉培根堡",
                    "rating": 5,
                    "rating_text": "",
                    "sku_id": 100000029567880340,
                    "sku_id_str": "100000029567880329"
                },
                {
                    "food_id": 976295026,
                    "rate_name": "法式煎蛋全麦卷（金枪鱼调味酱）",
                    "rating": 5,
                    "rating_text": "",
                    "sku_id": 600086617225,
                    "sku_id_str": "600086617225"
                }
            ],
            "highlights_v2": {},
            "is_super_vip": true,
            "is_taobao_vip": true,
            "order_id": 2104840088952764400,
            "order_images": [
                {
                    "food_ids": [
                        826476635
                    ],
                    "food_names": [
                        "新美式双料鸡肉全麦卷"
                    ],
                    "image_hash": "https://fuss10.elemecdn.com/b/c7/c5bc73ac1e6afd5012f509e863741jpeg.jpeg"
                }
            ],
            "rated_at": "2019-03-03",
            "rating": 5,
            "rating_text": "很好不错～",
            "reply": {
                "content": "感谢您对于汉堡王外送的支持和鼓励。对此，我们深感荣幸。我们一定会再接再厉，期待您的再次点餐，谢谢！",
                "created_at": "2019-03-04 02:22:41"
            },
            "tags": [
                ""
            ],
            "time_spent_desc": "",
            "username": "4*******a"
        },
        {
            "avatar": "",
            "food_ratings": [
                {
                    "food_id": 997403015,
                    "rate_name": "跨年送福单人套餐",
                    "rating": 4,
                    "rating_text": "",
                    "sku_id": 621735142537,
                    "sku_id_str": "621735142537"
                }
            ],
            "highlights_v2": {},
            "is_super_vip": true,
            "is_taobao_vip": true,
            "order_id": 2104369493588780000,
            "order_images": [
                {
                    "food_ids": [
                        997403015
                    ],
                    "food_names": [
                        "跨年送福单人套餐"
                    ],
                    "image_hash": "https://fuss10.elemecdn.com/4/26/ddf498803f86b9b372edab691ca5djpeg.jpeg"
                }
            ],
            "rated_at": "2019-02-21",
            "rating": 5,
            "rating_text": "快乐肥宅套餐",
            "reply": {
                "content": "感谢您对于汉堡王外送的支持和鼓励。对此，我们深感荣幸。我们一定会再接再厉，期待您的再次点餐，谢谢！",
                "created_at": "2019-02-22 02:22:53"
            },
            "tags": [
                ""
            ],
            "time_spent_desc": "",
            "username": "吃****号"
        },
        {
            "avatar": "https://fuss10.elemecdn.com/8/ea/9cde8dffd0858bb63dec5458e3dbbjpeg.jpeg",
            "food_ratings": [
                {
                    "food_id": 934960387,
                    "rate_name": "周四半价双人套餐",
                    "rating": 5,
                    "rating_text": "",
                    "sku_id": 557764558985,
                    "sku_id_str": "557764558985"
                }
            ],
            "highlights_v2": {},
            "is_super_vip": true,
            "is_taobao_vip": true,
            "order_id": 2104129160246277000,
            "order_images": [
                {
                    "food_ids": [
                        934960387
                    ],
                    "food_names": [
                        "周四半价双人套餐"
                    ],
                    "image_hash": "https://fuss10.elemecdn.com/c/29/5fe6051a4c1b2dbd51673f8de9f56jpeg.jpeg"
                }
            ],
            "rated_at": "2019-02-14",
            "rating": 5,
            "rating_text": "",
            "reply": {
                "content": "感谢您对于汉堡王外送的支持和鼓励。对此，我们深感荣幸。我们一定会再接再厉，期待您的再次点餐，谢谢！",
                "created_at": "2019-02-15 02:23:56"
            },
            "tags": [
                ""
            ],
            "time_spent_desc": "",
            "username": "n******9"
        },
        {
            "avatar": "",
            "food_ratings": [
                {
                    "food_id": 1704471455,
                    "rate_name": "金猪纳福多人分享套餐",
                    "rating": 5,
                    "rating_text": "",
                    "sku_id": 100000031936547980,
                    "sku_id_str": "100000031936547977"
                }
            ],
            "highlights_v2": {},
            "is_super_vip": false,
            "is_taobao_vip": false,
            "order_id": 2103961402950953000,
            "order_images": [
                {
                    "food_ids": [
                        1704471455
                    ],
                    "food_names": [
                        "金猪纳福多人分享套餐"
                    ],
                    "image_hash": "https://fuss10.elemecdn.com/c/64/1667f8fb686c38b8090eda0683b99jpeg.jpeg"
                }
            ],
            "rated_at": "2019-02-13",
            "rating": 5,
            "rating_text": "",
            "reply": {
                "content": "感谢您对于汉堡王外送的支持和鼓励。对此，我们深感荣幸。我们一定会再接再厉，期待您的再次点餐，谢谢！",
                "created_at": "2019-02-14 02:23:14"
            },
            "tags": [
                ""
            ],
            "time_spent_desc": "",
            "username": "7*********a"
        },
        {
            "avatar": "https://fuss10.elemecdn.com/f/e9/379c401617ca2d49adf94564bc2cejpeg.jpeg",
            "food_ratings": [
                {
                    "food_id": 988298134,
                    "rate_name": "29.9鸡腿双堡套餐",
                    "rating": 5,
                    "rating_text": "",
                    "sku_id": 612381801609,
                    "sku_id_str": "612381801609"
                },
                {
                    "food_id": 1253664675,
                    "rate_name": "王道嫩香鸡块",
                    "rating": 5,
                    "rating_text": "",
                    "sku_id": 200000054952627330,
                    "sku_id_str": "200000054952627337"
                },
                {
                    "food_id": 1253657747,
                    "rate_name": "薯霸王(中)",
                    "rating": 5,
                    "rating_text": "",
                    "sku_id": 200000054945533060,
                    "sku_id_str": "200000054945533065"
                }
            ],
            "highlights_v2": {},
            "is_super_vip": true,
            "is_taobao_vip": false,
            "order_id": 2103949519824958500,
            "order_images": [
                {
                    "food_ids": [
                        988298134,
                        1253664675,
                        1253657747
                    ],
                    "food_names": [
                        "29.9鸡腿双堡套餐",
                        "王道嫩香鸡块",
                        "薯霸王(中)"
                    ],
                    "image_hash": "https://fuss10.elemecdn.com/c/5a/88a327f5fc10e99eb8c0b7a0d2ac5jpeg.jpeg"
                }
            ],
            "rated_at": "2019-02-08",
            "rating": 5,
            "rating_text": "包装洒了。味道不错，挺好的",
            "reply": {
                "content": "感谢您对于汉堡王外送的支持和鼓励。对此，我们深感荣幸。我们一定会再接再厉，期待您的再次点餐，谢谢！",
                "created_at": "2019-02-09 02:21:59"
            },
            "tags": [
                ""
            ],
            "time_spent_desc": "",
            "username": "小***阿"
        },
        {
            "avatar": "https://fuss10.elemecdn.com/6/d2/230bc458ce522143650616834a017jpeg.jpeg",
            "food_ratings": [
                {
                    "food_id": 1253653542,
                    "rate_name": "霸王鸡盒A",
                    "rating": 5,
                    "rating_text": "霸王鸡盒A 美式鸡排堡套餐-大薯条+大可乐 不错呦",
                    "sku_id": 200000054941227140,
                    "sku_id_str": "200000054941227145"
                },
                {
                    "food_id": 1703278911,
                    "rate_name": "美式鸡排堡套餐-大薯条+大可乐",
                    "rating": 5,
                    "rating_text": "霸王鸡盒A 美式鸡排堡套餐-大薯条+大可乐 不错呦",
                    "sku_id": 100000030696790160,
                    "sku_id_str": "100000030696790153"
                }
            ],
            "highlights_v2": {
                "美式鸡排堡套餐-大薯条+大可乐": 100000030696790160,
                "霸王鸡盒A": 200000054941227140
            },
            "is_super_vip": false,
            "is_taobao_vip": false,
            "order_id": 2103875706567285800,
            "order_images": [
                {
                    "food_ids": [
                        1253653542,
                        1703278911
                    ],
                    "food_names": [
                        "霸王鸡盒A",
                        "美式鸡排堡套餐-大薯条+大可乐"
                    ],
                    "image_hash": "https://fuss10.elemecdn.com/3/52/57e084d64cde4447db5f58b52b23ejpeg.jpeg"
                }
            ],
            "rated_at": "2019-02-02",
            "rating": 5,
            "rating_text": "霸王鸡盒A 美式鸡排堡套餐-大薯条+大可乐 不错呦",
            "reply": {
                "content": "感谢您对于汉堡王外送的支持和鼓励。对此，我们深感荣幸。我们一定会再接再厉，期待您的再次点餐，谢谢！",
                "created_at": "2019-02-03 02:22:51"
            },
            "tags": [
                ""
            ],
            "time_spent_desc": "",
            "username": "吃*****h"
        },
        {
            "avatar": "",
            "food_ratings": [
                {
                    "food_id": 1703249828,
                    "rate_name": "美式鸡排堡套餐-中薯条+中可乐",
                    "rating": 5,
                    "rating_text": "",
                    "sku_id": 100000030743120020,
                    "sku_id_str": "100000030743120009"
                },
                {
                    "food_id": 1703286569,
                    "rate_name": "1层芝士牛肉堡套餐-中薯条+中可乐",
                    "rating": 5,
                    "rating_text": "",
                    "sku_id": 100000030706600080,
                    "sku_id_str": "100000030706600073"
                },
                {
                    "food_id": 988298134,
                    "rate_name": "29.9鸡腿双堡套餐",
                    "rating": 5,
                    "rating_text": "",
                    "sku_id": 612381801609,
                    "sku_id_str": "612381801609"
                }
            ],
            "highlights_v2": {},
            "is_super_vip": false,
            "is_taobao_vip": false,
            "order_id": 2103760846324092000,
            "order_images": [
                {
                    "food_ids": [
                        1703249828,
                        1703286569
                    ],
                    "food_names": [
                        "美式鸡排堡套餐-中薯条+中可乐",
                        "1层芝士牛肉堡套餐-中薯条+中可乐"
                    ],
                    "image_hash": "https://fuss10.elemecdn.com/0/65/522437bfd91439a094ca1a994e58fjpeg.jpeg"
                },
                {
                    "food_ids": [
                        988298134
                    ],
                    "food_names": [
                        "29.9鸡腿双堡套餐"
                    ],
                    "image_hash": "https://fuss10.elemecdn.com/a/e8/89d508b5a68706914414b86e0c64bjpeg.jpeg"
                }
            ],
            "rated_at": "2019-01-30",
            "rating": 5,
            "rating_text": "配送很快，配送员态度很好，包装很好，可乐也没有撒，真的是太好了，但是薯条撒了，番茄酱给的也很多，可惜就是没有太多太多的餐巾纸，但是也是不错的😄",
            "reply": {
                "content": "感谢您对于汉堡王外送的支持和鼓励。对此，我们深感荣幸。我们一定会再接再厉，期待您的再次点餐，谢谢！",
                "created_at": "2019-01-31 02:23:13"
            },
            "tags": [
                ""
            ],
            "time_spent_desc": "",
            "username": "A*********x"
        },
        {
            "avatar": "https://fuss10.elemecdn.com/b/c0/9bdf36ef68bc42a79935642d36211jpeg.jpeg",
            "food_ratings": [
                {
                    "food_id": 929647711,
                    "rate_name": "狠霸王牛堡",
                    "rating": 5,
                    "rating_text": "",
                    "sku_id": 552324402313,
                    "sku_id_str": "552324402313"
                },
                {
                    "food_id": 997948000,
                    "rate_name": "狠霸王鱼堡",
                    "rating": 5,
                    "rating_text": "",
                    "sku_id": 622289370249,
                    "sku_id_str": "622289370249"
                },
                {
                    "food_id": 1702148117,
                    "rate_name": "1层芝士牛肉堡",
                    "rating": 5,
                    "rating_text": "",
                    "sku_id": 100000029567879310,
                    "sku_id_str": "100000029567879305"
                },
                {
                    "food_id": 976321754,
                    "rate_name": "霸王鸡条（天猫券）",
                    "rating": 5,
                    "rating_text": "",
                    "sku_id": 600105096329,
                    "sku_id_str": "600105096329"
                }
            ],
            "highlights_v2": {},
            "is_super_vip": false,
            "is_taobao_vip": false,
            "order_id": 2103754994640795600,
            "order_images": [
                {
                    "food_ids": [
                        929647711,
                        997948000,
                        1702148117,
                        976321754
                    ],
                    "food_names": [
                        "狠霸王牛堡",
                        "狠霸王鱼堡",
                        "1层芝士牛肉堡",
                        "霸王鸡条（天猫券）"
                    ],
                    "image_hash": "https://fuss10.elemecdn.com/9/3a/632143c0fdd4c19223775c20ec9aajpeg.jpeg"
                }
            ],
            "rated_at": "2019-01-30",
            "rating": 5,
            "rating_text": "",
            "reply": {
                "content": "感谢您对于汉堡王外送的支持和鼓励。对此，我们深感荣幸。我们一定会再接再厉，期待您的再次点餐，谢谢！",
                "created_at": "2019-01-31 02:23:14"
            },
            "tags": [
                ""
            ],
            "time_spent_desc": "",
            "username": "★******F"
        },
        {
            "avatar": "",
            "food_ratings": [
                {
                    "food_id": 997407509,
                    "rate_name": "跨年送福双人套餐",
                    "rating": 4,
                    "rating_text": "跨年送福双人套餐 ",
                    "sku_id": 621714856073,
                    "sku_id_str": "621714856073"
                }
            ],
            "highlights_v2": {
                "跨年送福双人套餐": 621714856073
            },
            "is_super_vip": false,
            "is_taobao_vip": false,
            "order_id": 2103666894124106800,
            "order_images": [
                {
                    "food_ids": [
                        997407509
                    ],
                    "food_names": [
                        "跨年送福双人套餐"
                    ],
                    "image_hash": "https://fuss10.elemecdn.com/0/2e/cb352e3d7c7ce707d8343d9e19aa9jpeg.jpeg"
                }
            ],
            "rated_at": "2019-01-30",
            "rating": 5,
            "rating_text": "跨年送福双人套餐 ",
            "reply": {
                "content": "感谢您对于汉堡王外送的支持和鼓励。对此，我们深感荣幸。我们一定会再接再厉，期待您的再次点餐，谢谢！",
                "created_at": "2019-01-31 02:23:14"
            },
            "tags": [
                ""
            ],
            "time_spent_desc": "",
            "username": "d**********v"
        },
        {
            "avatar": "",
            "food_ratings": [
                {
                    "food_id": 977022686,
                    "rate_name": "王道椒香鸡腿",
                    "rating": 5,
                    "rating_text": "",
                    "sku_id": 600812556425,
                    "sku_id_str": "600812556425"
                },
                {
                    "food_id": 1702430206,
                    "rate_name": "“整”个鸡腿堡",
                    "rating": 5,
                    "rating_text": "",
                    "sku_id": 100000029828755600,
                    "sku_id_str": "100000029828755593"
                }
            ],
            "highlights_v2": {},
            "is_super_vip": false,
            "is_taobao_vip": false,
            "order_id": 2103735012506858500,
            "order_images": [
                {
                    "food_ids": [
                        977022686
                    ],
                    "food_names": [
                        "王道椒香鸡腿"
                    ],
                    "image_hash": "https://fuss10.elemecdn.com/9/a3/dd8379282d8b23e12013155868340jpeg.jpeg"
                }
            ],
            "rated_at": "2019-01-29",
            "rating": 5,
            "rating_text": "",
            "reply": {
                "content": "感谢您对于汉堡王外送的支持和鼓励。对此，我们深感荣幸。我们一定会再接再厉，期待您的再次点餐，谢谢！",
                "created_at": "2019-01-30 02:23:08"
            },
            "tags": [
                ""
            ],
            "time_spent_desc": "",
            "username": "3*******a"
        },
        {
            "avatar": "",
            "food_ratings": [
                {
                    "food_id": 997403015,
                    "rate_name": "跨年送福单人套餐",
                    "rating": 5,
                    "rating_text": "",
                    "sku_id": 621735142537,
                    "sku_id_str": "621735142537"
                }
            ],
            "highlights_v2": {},
            "is_super_vip": true,
            "is_taobao_vip": true,
            "order_id": 2103629992981576700,
            "order_images": [
                {
                    "food_ids": [
                        997403015
                    ],
                    "food_names": [
                        "跨年送福单人套餐"
                    ],
                    "image_hash": "https://fuss10.elemecdn.com/c/08/c091a8533be992fedba7f5ac0f8aajpeg.jpeg"
                }
            ],
            "rated_at": "2019-01-28",
            "rating": 5,
            "rating_text": "很棒呀，除了没有给手套令人难过",
            "reply": {
                "content": "感谢您对于汉堡王外送的支持和鼓励。对此，我们深感荣幸。我们一定会再接再厉，期待您的再次点餐，谢谢！",
                "created_at": "2019-01-29 02:23:24"
            },
            "tags": [
                ""
            ],
            "time_spent_desc": "",
            "username": "匿名用户"
        },
        {
            "avatar": "",
            "food_ratings": [
                {
                    "food_id": 1703232752,
                    "rate_name": "霸辣鸡腿堡套餐-中薯条+中可乐",
                    "rating": 5,
                    "rating_text": "",
                    "sku_id": 100000030716949650,
                    "sku_id_str": "100000030716949641"
                },
                {
                    "food_id": 1253664674,
                    "rate_name": "霸王鸡条（鲜辣）",
                    "rating": 5,
                    "rating_text": "",
                    "sku_id": 200000054952626300,
                    "sku_id_str": "200000054952626313"
                },
                {
                    "food_id": 1253653540,
                    "rate_name": "薯霸王(大)",
                    "rating": 5,
                    "rating_text": "",
                    "sku_id": 200000054941225100,
                    "sku_id_str": "200000054941225097"
                },
                {
                    "food_id": 1253664675,
                    "rate_name": "王道嫩香鸡块",
                    "rating": 5,
                    "rating_text": "",
                    "sku_id": 200000054952627330,
                    "sku_id_str": "200000054952627337"
                }
            ],
            "highlights_v2": {},
            "is_super_vip": false,
            "is_taobao_vip": false,
            "order_id": 2103620139898784800,
            "rated_at": "2019-01-28",
            "rating": 1,
            "rating_text": "肉饼干了，黑了，影响口感，不好吃",
            "reply": {
                "content": "亲爱的顾客，对于您不悦的消费体验我们深表歉意，对于您提出的宝贵意见，我们将立即改进，希望能在下次订餐时得到您的好评，欢迎您及您的家人朋友继续选择汉堡王。汉堡王会努力提供更好的外送服务，希望能在下次订餐时得到您的好评，期待您再次点餐！",
                "created_at": "2019-01-29 02:23:24"
            },
            "tags": [
                ""
            ],
            "time_spent_desc": "",
            "username": "4*******3"
        },
        {
            "avatar": "",
            "food_ratings": [
                {
                    "food_id": 997403015,
                    "rate_name": "跨年送福单人套餐",
                    "rating": 4,
                    "rating_text": "",
                    "sku_id": 621735142537,
                    "sku_id_str": "621735142537"
                },
                {
                    "food_id": 1253653507,
                    "rate_name": "天椒小皇堡",
                    "rating": 4,
                    "rating_text": "",
                    "sku_id": 200000054941191300,
                    "sku_id_str": "200000054941191305"
                }
            ],
            "highlights_v2": {},
            "is_super_vip": false,
            "is_taobao_vip": false,
            "order_id": 2103634570795948000,
            "order_images": [
                {
                    "food_ids": [
                        997403015
                    ],
                    "food_names": [
                        "跨年送福单人套餐"
                    ],
                    "image_hash": "https://fuss10.elemecdn.com/b/31/dd54adda16d395e7fda7d77f909b6jpeg.jpeg"
                }
            ],
            "rated_at": "2019-01-27",
            "rating": 5,
            "rating_text": "挺好的",
            "reply": {
                "content": "感谢您对于汉堡王外送的支持和鼓励。对此，我们深感荣幸。我们一定会再接再厉，期待您的再次点餐，谢谢！",
                "created_at": "2019-01-28 02:23:46"
            },
            "tags": [
                ""
            ],
            "time_spent_desc": "",
            "username": "R****C"
        },
        {
            "avatar": "",
            "food_ratings": [
                {
                    "food_id": 826476640,
                    "rate_name": "法式煎蛋猪肉芝士堡",
                    "rating": 4,
                    "rating_text": "",
                    "sku_id": 446672107657,
                    "sku_id_str": "446672107657"
                },
                {
                    "food_id": 1702166255,
                    "rate_name": "火烤牛肉培根堡",
                    "rating": 4,
                    "rating_text": "",
                    "sku_id": 100000029567880340,
                    "sku_id_str": "100000029567880329"
                },
                {
                    "food_id": 1702138004,
                    "rate_name": "火烤牛肉全麦卷",
                    "rating": 4,
                    "rating_text": "",
                    "sku_id": 100000029530178700,
                    "sku_id_str": "100000029530178697"
                }
            ],
            "highlights_v2": {},
            "is_super_vip": true,
            "is_taobao_vip": true,
            "order_id": 2103615630610993200,
            "order_images": [
                {
                    "food_ids": [
                        1702138004
                    ],
                    "food_names": [
                        "火烤牛肉全麦卷"
                    ],
                    "image_hash": "https://fuss10.elemecdn.com/f/da/fd5c70820ac8489f39e2394a0be72jpeg.jpeg"
                }
            ],
            "rated_at": "2019-01-27",
            "rating": 5,
            "rating_text": "",
            "reply": {
                "content": "感谢您对于汉堡王外送的支持和鼓励。对此，我们深感荣幸。我们一定会再接再厉，期待您的再次点餐，谢谢！",
                "created_at": "2019-01-28 02:23:42"
            },
            "tags": [
                ""
            ],
            "time_spent_desc": "",
            "username": "2*********8"
        },
        {
            "avatar": "",
            "food_ratings": [
                {
                    "food_id": 1703249827,
                    "rate_name": "狠霸王鱼堡套餐-中薯条+中可乐",
                    "rating": 2,
                    "rating_text": "",
                    "sku_id": 100000030726279310,
                    "sku_id_str": "100000030726279305"
                }
            ],
            "highlights_v2": {},
            "is_super_vip": true,
            "is_taobao_vip": false,
            "order_id": 2103586174810836000,
            "order_images": [
                {
                    "food_ids": [
                        1703249827
                    ],
                    "food_names": [
                        "狠霸王鱼堡套餐-中薯条+中可乐"
                    ],
                    "image_hash": "https://fuss10.elemecdn.com/6/3d/9986a621e23894daf5c98d174b0d8jpeg.jpeg"
                }
            ],
            "rated_at": "2019-01-26",
            "rating": 4,
            "rating_text": "回回可乐都是撒的，那个结构也确实容易撒不能赖人家骑手，能不能包装好一点？",
            "reply": {
                "content": "亲爱的顾客，感谢您的认可，汉堡王力求做到更好，为您提供更好的外送服务，期待您再次点餐！",
                "created_at": "2019-01-27 02:23:39"
            },
            "tags": [
                ""
            ],
            "time_spent_desc": "",
            "username": "q**********p"
        },
        {
            "avatar": "https://fuss10.elemecdn.com/8/da/5b9cbd6f4cfb9120b749adc2d178cjpeg.jpeg",
            "food_ratings": [
                {
                    "food_id": 997403015,
                    "rate_name": "跨年送福单人套餐",
                    "rating": 4,
                    "rating_text": "",
                    "sku_id": 621735142537,
                    "sku_id_str": "621735142537"
                },
                {
                    "food_id": 988694992,
                    "rate_name": "会员霸王鸡盒A",
                    "rating": 4,
                    "rating_text": "",
                    "sku_id": 612820652169,
                    "sku_id_str": "612820652169"
                }
            ],
            "highlights_v2": {},
            "is_super_vip": false,
            "is_taobao_vip": false,
            "order_id": 2103580926788628500,
            "order_images": [
                {
                    "food_ids": [
                        997403015
                    ],
                    "food_names": [
                        "跨年送福单人套餐"
                    ],
                    "image_hash": "https://fuss10.elemecdn.com/2/49/edcd4ac0cbd1570bc7a77dcd3e33ejpeg.jpeg"
                }
            ],
            "rated_at": "2019-01-26",
            "rating": 4,
            "rating_text": "",
            "reply": {
                "content": "亲爱的顾客，感谢您的认可，汉堡王力求做到更好，为您提供更好的外送服务，期待您再次点餐！",
                "created_at": "2019-01-27 02:23:40"
            },
            "tags": [
                ""
            ],
            "time_spent_desc": "",
            "username": "S******8"
        },
        {
            "avatar": "",
            "food_ratings": [
                {
                    "food_id": 1253664675,
                    "rate_name": "王道嫩香鸡块",
                    "rating": 5,
                    "rating_text": "",
                    "sku_id": 200000054952627330,
                    "sku_id_str": "200000054952627337"
                },
                {
                    "food_id": 1703240360,
                    "rate_name": "霸辣鸡腿堡套餐-大薯条+大可乐",
                    "rating": 5,
                    "rating_text": "",
                    "sku_id": 100000030743123090,
                    "sku_id_str": "100000030743123081"
                },
                {
                    "food_id": 1253664674,
                    "rate_name": "霸王鸡条（鲜辣）",
                    "rating": 4,
                    "rating_text": "",
                    "sku_id": 200000054952626300,
                    "sku_id_str": "200000054952626313"
                }
            ],
            "highlights_v2": {},
            "is_super_vip": false,
            "is_taobao_vip": false,
            "order_id": 2103522556815756300,
            "rated_at": "2019-01-26",
            "rating": 2,
            "rating_text": "说了多给番茄酱，备注半天没有卵用。那要备注干嘛用。",
            "reply": {
                "content": "亲爱的顾客，对于您不悦的消费体验我们深表歉意。我们承诺会竭尽全力为您解决困扰，听取您的宝贵意见，并立即改进。汉堡王会努力提供更好的外送服务，希望能在下次订餐时得到您的好评，期待您再次点餐！",
                "created_at": "2019-01-27 02:23:40"
            },
            "tags": [
                ""
            ],
            "time_spent_desc": "按时送达",
            "username": "匿名用户"
        }
    ],
    "rating": {
        "compare_rating": 0.6830188679245283,
        "deliver_time": 38,
        "food_score": 4.774900398406374,
        "item_good_score": 0.9745347698334965,
        "order_rating_amount": 1191,
        "overall_score": 4.759765625,
        "package_score": 4.774900398406374,
        "rider_score": 4.904382470119522,
        "service_score": 4.760956175298805,
        "shop_score": 4.759765625,
        "taste_score": 4.760956175298805
    },
    "tags": [
        {
            "count": 1191,
            "name": "全部",
            "unsatisfied": false
        },
        {
            "count": -1,
            "name": "最新",
            "unsatisfied": false
        },
        {
            "count": 1132,
            "name": "好评",
            "unsatisfied": false
        },
        {
            "count": 30,
            "name": "差评",
            "unsatisfied": true
        },
        {
            "count": 56,
            "name": "有图",
            "unsatisfied": false
        },
        {
            "count": 34,
            "name": "味道好",
            "unsatisfied": false
        }
    ]
}
