[
    {
        "restaurant": {
            "act_tag": 0,
            "activities": [
                {
                    "attribute": "{\"45\": {\"1\": 17.0, \"0\": 0}, \"30\": {\"1\": 10.0, \"0\": 0}}",
                    "description": "满30减10，满45减17",
                    "icon_color": "f07373",
                    "icon_name": "减",
                    "id": 1951291714,
                    "is_exclusive_with_food_activity": true,
                    "name": "田老师北京满减",
                    "tips": "满30减10，满45减17",
                    "type": 102
                },
                {
                    "description": "折扣商品5折起",
                    "icon_color": "f07373",
                    "icon_name": "折",
                    "id": 1904047938,
                    "name": "单品折扣",
                    "tips": "单品折扣"
                },
                {
                    "description": "特价商品3元起",
                    "icon_color": "f1884f",
                    "icon_name": "换",
                    "id": 1494993377,
                    "name": "超值换购",
                    "tips": "超值换购"
                }
            ],
            "address": "北京昌平区回龙观镇风雅园三区3号楼",
            "authentic_id": 3384259570352166,
            "business_info": "{\"lemon_support_tags\": [{\"color\": \"cce23028\", \"text\": \"30减10\", \"border\": \"4ce23028\", \"background\": null, \"type\": 1, \"icon\": null}, {\"color\": \"cce23028\", \"text\": \"45减17\", \"border\": \"4ce23028\", \"background\": null, \"type\": 1, \"icon\": null}, {\"color\": \"cce23028\", \"text\": \"品质联盟\", \"border\": \"4ce23028\", \"background\": null, \"type\": 4, \"icon\": null}, {\"color\": \"cce23028\", \"text\": \"5折\", \"border\": \"4ce23028\", \"background\": null, \"type\": 7, \"icon\": null}, {\"color\": \"cce23028\", \"text\": \"3元特价\", \"border\": \"4ce23028\", \"background\": null, \"type\": 7, \"icon\": null}], \"ad_info\": null}",
            "delivery_fee_discount": 0,
            "description": "田老师红烧肉，尝到家的味道！\n主营盖饭，种类虽“不多”，口味蛮“家常”，且配菜丰富。主菜里招牌红烧肉果然名不虚传，宫保鸡丁、卤肉饭等也都不错。出菜速度快，价格又实惠！",
            "distance": 3302,
            "favored": false,
            "flavors": [
                {
                    "id": 265,
                    "name": "简餐"
                },
                {
                    "id": 237,
                    "name": "地方小吃"
                }
            ],
            "float_delivery_fee": 8,
            "float_minimum_order_amount": 20,
            "folding_restaurant_brand": "田老师红烧肉",
            "folding_restaurants": [
                {
                    "distance": 3332,
                    "id": "E14927895249536502892",
                    "name": "田老师红烧肉（回龙观三店）",
                    "order_lead_time": 34,
                    "scheme": "https://h5.ele.me/shop/#id=E14927895249536502892",
                    "type": 0
                },
                {
                    "distance": 4081,
                    "id": "E4349856266949305129",
                    "name": "田老师红烧肉（回龙观二店）",
                    "order_lead_time": 31,
                    "scheme": "https://h5.ele.me/shop/#id=E4349856266949305129",
                    "type": 0
                },
                {
                    "distance": 4223,
                    "id": "E1727073550537901543",
                    "name": "田老师红烧肉（昌平生命科学园店）",
                    "order_lead_time": 38,
                    "scheme": "https://h5.ele.me/shop/#id=E1727073550537901543",
                    "type": 0
                },
                {
                    "distance": 4351,
                    "id": "E840160266005207944",
                    "name": "田老师红烧肉(回龙观禧乐汇店)",
                    "order_lead_time": 31,
                    "scheme": "https://h5.ele.me/shop/#id=E840160266005207944",
                    "type": 0
                },
                {
                    "distance": 6176,
                    "id": "E13955650082819232824",
                    "name": "田老师红烧肉(回龙观东大街店)",
                    "order_lead_time": 35,
                    "scheme": "https://h5.ele.me/shop/#id=E13955650082819232824",
                    "type": 0
                }
            ],
            "has_story": false,
            "id": "E4491184076714721146",
            "image_path": "https://fuss10.elemecdn.com/f/8c/a0243ff6b05f952b127524b5bf99ajpeg.jpeg",
            "is_new": false,
            "is_premium": true,
            "is_star": false,
            "is_stock_empty": 0,
            "is_valid": 1,
            "latitude": 40.079337,
            "longitude": 116.322751,
            "max_applied_quantity_per_order": -1,
            "name": "田老师红烧肉（回龙观一店）",
            "next_business_time": "明天 10:00",
            "only_use_poi": false,
            "opening_hours": [
                "10:00/23:55"
            ],
            "order_lead_time": 42,
            "out_of_range": false,
            "phone": "18301407852 18600443270 18301407852",
            "piecewise_agent_fee": {
                "description": "远距离配送费¥8",
                "extra_fee": 3,
                "is_extra": true,
                "no_subsidy_fee": "",
                "rules": [
                    {
                        "fee": 8,
                        "price": 20
                    }
                ],
                "tips": "远距离配送费¥8"
            },
            "platform": 0,
            "posters": [],
            "promotion_info": "尊敬的顾客您好！由于厂家乌梅汁无法供货，餐厅所有套餐饮料均由酸梅汤代替，在更替期间乌梅汁和酸梅汤会随机配送，给您带来的不便敬请谅解，谢谢您的支持！",
            "rating": 4.8,
            "rating_count": 1310,
            "recent_order_num": 2823,
            "recommend": {
                "color": "#e8470b",
                "image_hash": "ac124c767ffa7fd296d3e2d6f01798c6png",
                "is_ad": false,
                "reason": "口碑人气好店"
            },
            "recommend_reasons": [
                {
                    "name": "味道超赞"
                },
                {
                    "name": "回头客多"
                }
            ],
            "regular_customer_count": 0,
            "scheme": "https://h5.ele.me/shop/#id=E4491184076714721146",
            "status": 1,
            "support_tags": [
                {
                    "border": "dddddd",
                    "color": "666666",
                    "icon": "4e20966ca2a516de3f02fb9c7fd1bc6dpng",
                    "text": "简餐",
                    "type": 1
                },
                {
                    "border": "dddddd",
                    "color": "333333",
                    "text": "品质联盟"
                }
            ],
            "supports": [
                {
                    "border": "90dddddd",
                    "description": "该商家支持开发票，请在下单时填写好发票抬头",
                    "icon_color": "999999",
                    "icon_name": "票",
                    "id": 4,
                    "name": "开发票",
                    "text_color": "666666",
                    "two_characters_icon_name": "发票"
                }
            ],
            "tags": [],
            "target_tag_path": "d53fc0cb4dc67973038cbc591938a1b6png",
            "theme": {
                "default_color": "2395ff",
                "header_style": 0,
                "hongbao_style": 0,
                "price_color": "ff5339",
                "third_tab_name": "商家",
                "vanish_fields": []
            },
            "type": 0
        }
    },
    {
        "restaurant": {
            "act_tag": 0,
            "activities": [
                {
                    "attribute": "17.0",
                    "description": "新用户下单立减17元",
                    "icon_color": "70bc46",
                    "icon_name": "首",
                    "id": 1977791979,
                    "is_exclusive_with_food_activity": true,
                    "name": "新用户立减(不与其他活动共享)",
                    "tips": "新用户下单立减17元",
                    "type": 103
                },
                {
                    "attribute": "{\"88\": {\"1\": 23.0, \"0\": 0}, \"57\": {\"1\": 18.0, \"0\": 0}, \"27\": {\"1\": 10.0, \"0\": 0}, \"108\": {\"1\": 25.0, \"0\": 0}, \"37\": {\"1\": 14.0, \"0\": 0}}",
                    "description": "满27减10，满37减14，满57减18，满88减23，满108减25",
                    "icon_color": "f07373",
                    "icon_name": "减",
                    "id": 1952898250,
                    "is_exclusive_with_food_activity": true,
                    "name": "杨国福",
                    "tips": "满27减10，满37减14，满57减18，满88减23，满108减25",
                    "type": 102
                },
                {
                    "description": "折扣商品5折起",
                    "icon_color": "f07373",
                    "icon_name": "折",
                    "id": 1943968347,
                    "name": "周末大牌日",
                    "tips": "周末大牌日"
                },
                {
                    "description": "特价商品5元起",
                    "icon_color": "f1884f",
                    "icon_name": "惠",
                    "id": 1913356457,
                    "name": "周一特惠日",
                    "tips": "周一特惠日"
                }
            ],
            "address": "北京市昌平区回龙观镇朱辛庄（北京市北郊化工实业总公司院内）",
            "authentic_id": 4314299573933346,
            "business_info": "{\"lemon_support_tags\": [{\"color\": \"cce23028\", \"text\": \"27减10\", \"border\": \"4ce23028\", \"background\": null, \"type\": 1, \"icon\": null}, {\"color\": \"cce23028\", \"text\": \"37减14\", \"border\": \"4ce23028\", \"background\": null, \"type\": 1, \"icon\": null}, {\"color\": \"cce23028\", \"text\": \"57减18\", \"border\": \"4ce23028\", \"background\": null, \"type\": 1, \"icon\": null}, {\"color\": \"cce23028\", \"text\": \"88减23\", \"border\": \"4ce23028\", \"background\": null, \"type\": 1, \"icon\": null}, {\"color\": \"cce23028\", \"text\": \"108减25\", \"border\": \"4ce23028\", \"background\": null, \"type\": 1, \"icon\": null}, {\"color\": \"a25c03\", \"text\": \"7元会员红包\", \"border\": \"4ca25c03\", \"background\": null, \"type\": 2, \"icon\": null}, {\"color\": \"cce23028\", \"text\": \"品质联盟\", \"border\": \"4ce23028\", \"background\": null, \"type\": 4, \"icon\": null}, {\"color\": \"cce23028\", \"text\": \"首单减17\", \"border\": \"4ce23028\", \"background\": null, \"type\": 5, \"icon\": null}, {\"color\": \"cce23028\", \"text\": \"5折\", \"border\": \"4ce23028\", \"background\": null, \"type\": 7, \"icon\": null}, {\"color\": \"cce23028\", \"text\": \"5元特价\", \"border\": \"4ce23028\", \"background\": null, \"type\": 7, \"icon\": null}], \"ad_info\": null}",
            "delivery_fee_discount": 3,
            "description": "即日起，凡到本店用餐的顾客，出示学生卡即刻享受折扣优惠＋赠送主食一份",
            "distance": 501,
            "favored": false,
            "flavors": [
                {
                    "id": 214,
                    "name": "麻辣烫"
                }
            ],
            "float_delivery_fee": 1.5,
            "float_minimum_order_amount": 15,
            "has_story": false,
            "id": "E11782492550641203992",
            "image_path": "https://fuss10.elemecdn.com/0/f7/26f44c0fef6afc5a5adf9b8b3f968jpeg.jpeg",
            "is_new": false,
            "is_premium": false,
            "is_star": false,
            "is_stock_empty": 0,
            "is_valid": 1,
            "latitude": 40.098537,
            "longitude": 116.309386,
            "max_applied_quantity_per_order": -1,
            "name": "杨国福麻辣烫",
            "next_business_time": "明天 10:00",
            "only_use_poi": false,
            "opening_hours": [
                "10:00/21:30"
            ],
            "order_lead_time": 39,
            "out_of_range": false,
            "phone": "18600532992",
            "piecewise_agent_fee": {
                "description": "配送费¥1.5",
                "extra_fee": -1.5,
                "is_extra": true,
                "no_subsidy_fee": "¥4.5",
                "rules": [
                    {
                        "fee": 1.5,
                        "price": 15
                    }
                ],
                "tips": "配送费¥1.5"
            },
            "platform": 0,
            "posters": [],
            "promotion_info": "亲爱的顾客朋友们，由于过年期间我店人手不足，可能出现出餐慢，少送漏送等个别现象，如您发现所点的外卖有问题，请电话与我们联系（18600532992），非常抱歉，谢谢您的支持，请手下留情！最后，祝大家新年快乐。。。",
            "rating": 4.6,
            "rating_count": 5613,
            "recent_order_num": 4145,
            "recommend": {
                "image_hash": "731111f3f9379e772eedf4855beae8a1jpeg",
                "is_ad": false,
                "track": "{\"rankType\":\"28\",\"trafficCardId\":\"1701842\"}"
            },
            "recommend_reasons": [
                {
                    "name": "味道超赞"
                }
            ],
            "regular_customer_count": 0,
            "scheme": "https://h5.ele.me/shop/#id=E11782492550641203992",
            "status": 1,
            "support_tags": [
                {
                    "border": "dddddd",
                    "color": "666666",
                    "icon": "4e20966ca2a516de3f02fb9c7fd1bc6dpng",
                    "text": "麻辣烫",
                    "type": 1
                },
                {
                    "border": "dddddd",
                    "color": "333333",
                    "text": "品质联盟"
                }
            ],
            "supports": [
                {
                    "border": "90dddddd",
                    "description": "商家原因导致订单取消，赔付代金券",
                    "icon_color": "999999",
                    "icon_name": "赔",
                    "id": 10,
                    "name": "拒单赔",
                    "text_color": "666666",
                    "two_characters_icon_name": ""
                },
                {
                    "border": "90dddddd",
                    "description": "该商户食品安全已由国泰产险承担，食品安全有保障",
                    "icon_color": "999999",
                    "icon_name": "保",
                    "id": 7,
                    "name": "食安保",
                    "text_color": "666666",
                    "two_characters_icon_name": "保险"
                },
                {
                    "border": "90dddddd",
                    "description": "该商家支持开发票，请在下单时填写好发票抬头",
                    "icon_color": "999999",
                    "icon_name": "票",
                    "id": 4,
                    "name": "开发票",
                    "text_color": "666666",
                    "two_characters_icon_name": "发票"
                }
            ],
            "tags": [],
            "theme": {
                "default_color": "2395ff",
                "header_style": 0,
                "hongbao_style": 0,
                "price_color": "ff5339",
                "third_tab_name": "商家",
                "vanish_fields": []
            },
            "type": 0
        }
    },
    {
        "restaurant": {
            "act_tag": 0,
            "activities": [
                {
                    "attribute": "17.0",
                    "description": "新用户下单立减17元",
                    "icon_color": "70bc46",
                    "icon_name": "首",
                    "id": 1978903419,
                    "is_exclusive_with_food_activity": true,
                    "name": "新用户立减(不与其他活动共享)",
                    "tips": "新用户下单立减17元",
                    "type": 103
                },
                {
                    "attribute": "{\"80\": {\"1\": 25.0, \"0\": 0}, \"25\": {\"1\": 5.0, \"0\": 0}, \"58\": {\"1\": 15.0, \"0\": 0}, \"35\": {\"1\": 10.0, \"0\": 0}, \"120\": {\"1\": 35.0, \"0\": 0}}",
                    "description": "满25减5，满35减10，满58减15，满80减25，满120减35",
                    "icon_color": "f07373",
                    "icon_name": "减",
                    "id": 1956847330,
                    "is_exclusive_with_food_activity": true,
                    "name": "中国满减活动",
                    "tips": "满25减5，满35减10，满58减15，满80减25，满120减35",
                    "type": 102
                },
                {
                    "description": "特价商品4元起",
                    "icon_color": "f1884f",
                    "icon_name": "特",
                    "id": 1758457217,
                    "name": "单品定价",
                    "tips": "单品定价"
                }
            ],
            "address": "北京市昌平区回龙观镇北清路1号院3号楼1-101",
            "authentic_id": 2384279609630400,
            "business_info": "{\"lemon_support_tags\": [{\"color\": \"cce23028\", \"text\": \"25减5\", \"border\": \"4ce23028\", \"background\": null, \"type\": 1, \"icon\": null}, {\"color\": \"cce23028\", \"text\": \"35减10\", \"border\": \"4ce23028\", \"background\": null, \"type\": 1, \"icon\": null}, {\"color\": \"cce23028\", \"text\": \"58减15\", \"border\": \"4ce23028\", \"background\": null, \"type\": 1, \"icon\": null}, {\"color\": \"cce23028\", \"text\": \"80减25\", \"border\": \"4ce23028\", \"background\": null, \"type\": 1, \"icon\": null}, {\"color\": \"cce23028\", \"text\": \"120减35\", \"border\": \"4ce23028\", \"background\": null, \"type\": 1, \"icon\": null}, {\"color\": \"a25c03\", \"text\": \"8元会员红包\", \"border\": \"4ca25c03\", \"background\": null, \"type\": 2, \"icon\": null}, {\"color\": \"cce23028\", \"text\": \"品质联盟\", \"border\": \"4ce23028\", \"background\": null, \"type\": 4, \"icon\": null}, {\"color\": \"cce23028\", \"text\": \"首单减17\", \"border\": \"4ce23028\", \"background\": null, \"type\": 5, \"icon\": null}, {\"color\": \"cce23028\", \"text\": \"4元特价\", \"border\": \"4ce23028\", \"background\": null, \"type\": 7, \"icon\": null}, {\"color\": \"cce23028\", \"text\": \"领6元红包\", \"border\": \"4ce23028\", \"background\": null, \"type\": 8, \"icon\": null}, {\"color\": \"cce23028\", \"text\": \"返红包\", \"border\": \"4ce23028\", \"background\": null, \"type\": 9, \"icon\": null}], \"ad_info\": null}",
            "delivery_fee_discount": 3,
            "description": "方宫中国兰州牛肉拉面 编辑 \n东方宫中国兰州牛肉拉面是一家在北京市的餐馆，推荐菜有小凉菜、牛大毛细、拉面加汤、毛细、土豆丝、荞麦棱、牛肉面、牦牛肉、精品套餐等",
            "distance": 1631,
            "favored": false,
            "flavors": [
                {
                    "id": 213,
                    "name": "米粉面馆"
                },
                {
                    "id": 265,
                    "name": "简餐"
                }
            ],
            "float_delivery_fee": 2,
            "float_minimum_order_amount": 20,
            "has_story": false,
            "id": "E4539631177795681954",
            "image_path": "https://fuss10.elemecdn.com/f/62/1d61a73988e15b0bf7ed37bc55007jpeg.jpeg",
            "is_new": false,
            "is_premium": false,
            "is_star": false,
            "is_stock_empty": 0,
            "is_valid": 1,
            "latitude": 40.099462,
            "longitude": 116.291721,
            "max_applied_quantity_per_order": -1,
            "name": "东方宫中国兰州牛肉拉面",
            "next_business_time": "明天 07:30",
            "only_use_poi": false,
            "opening_hours": [
                "07:30/21:40"
            ],
            "order_lead_time": 35,
            "out_of_range": false,
            "phone": "17339981691",
            "piecewise_agent_fee": {
                "description": "配送费¥2",
                "extra_fee": -1,
                "is_extra": true,
                "no_subsidy_fee": "¥5",
                "rules": [
                    {
                        "fee": 2,
                        "price": 20
                    }
                ],
                "tips": "配送费¥2"
            },
            "platform": 0,
            "posters": [],
            "promotion_info": "请保证手机畅通骑手最快能联系到您，把美食奉上",
            "rating": 4.6,
            "rating_count": 811,
            "recent_order_num": 2522,
            "recommend": {
                "is_ad": false,
                "reason": ""
            },
            "recommend_reasons": [
                {
                    "name": "味道超赞"
                }
            ],
            "regular_customer_count": 0,
            "scheme": "https://h5.ele.me/shop/#id=E4539631177795681954",
            "status": 1,
            "support_tags": [
                {
                    "border": "dddddd",
                    "color": "666666",
                    "icon": "4e20966ca2a516de3f02fb9c7fd1bc6dpng",
                    "text": "米粉面馆",
                    "type": 1
                },
                {
                    "border": "dddddd",
                    "color": "333333",
                    "text": "品质联盟"
                }
            ],
            "supports": [
                {
                    "border": "90dddddd",
                    "description": "该商户食品安全已由国泰产险承担，食品安全有保障",
                    "icon_color": "999999",
                    "icon_name": "保",
                    "id": 7,
                    "name": "食安保",
                    "text_color": "666666",
                    "two_characters_icon_name": "保险"
                }
            ],
            "tags": [],
            "theme": {
                "default_color": "2395ff",
                "header_style": 0,
                "hongbao_style": 0,
                "price_color": "ff5339",
                "third_tab_name": "商家",
                "vanish_fields": []
            },
            "type": 0
        }
    },
    {
        "restaurant": {
            "act_tag": 0,
            "activities": [
                {
                    "attribute": "17.0",
                    "description": "新用户下单立减17元",
                    "icon_color": "70bc46",
                    "icon_name": "首",
                    "id": 1979376515,
                    "is_exclusive_with_food_activity": true,
                    "name": "新用户立减(不与其他活动共享)",
                    "tips": "新用户下单立减17元",
                    "type": 103
                },
                {
                    "attribute": "{\"75\": {\"1\": 30.0, \"0\": 0}, \"35\": {\"1\": 15.0, \"0\": 0}, \"100\": {\"1\": 40.0, \"0\": 0}, \"199\": {\"1\": 60.0, \"0\": 0}, \"55\": {\"1\": 20.0, \"0\": 0}}",
                    "description": "满35减15，满55减20，满75减30，满100减40，满199减60",
                    "icon_color": "f07373",
                    "icon_name": "减",
                    "id": 1639082041,
                    "is_exclusive_with_food_activity": true,
                    "name": "自营销复杂满减活动",
                    "tips": "满35减15，满55减20，满75减30，满100减40，满199减60",
                    "type": 102
                },
                {
                    "description": "折扣商品5折起",
                    "icon_color": "f07373",
                    "icon_name": "折",
                    "id": 1935918971,
                    "name": "周三半价日",
                    "tips": "周三半价日"
                },
                {
                    "description": "特价商品5元起",
                    "icon_color": "f1884f",
                    "icon_name": "惠",
                    "id": 1913772497,
                    "name": "周一特惠日",
                    "tips": "周一特惠日"
                },
                {
                    "attribute": "{\"50.0\": {\"quantity\": \"1\", \"must_pay_online\": 1, \"name\": \"\\u3010\\u53ef\\u53e3\\u53ef\\u4e50\\u3011330ml \"}}",
                    "description": "满50元赠送【可口可乐】330ml 1份",
                    "icon_color": "3cc791",
                    "icon_name": "赠",
                    "id": 700836834,
                    "is_exclusive_with_food_activity": true,
                    "name": "罐装可口可乐满赠活动",
                    "tips": "满50元赠送【可口可乐】330ml 1份",
                    "type": 106
                }
            ],
            "address": "北京市昌平区回龙观镇史各庄村191号",
            "authentic_id": 5384259607926157,
            "bidding": "{\"core\":{\"index\":11,\"extraInfo\":\"{\\\"bidding\\\":\\\"{}\\\",\\\"rankId\\\":\\\"87a02671c4c447fe9ad8ef6b1a3ae53d\\\",\\\"rankType\\\":\\\"8\\\",\\\"latitude\\\":\\\"40.097861\\\",\\\"rankTime\\\":\\\"1548740691\\\",\\\"cityId\\\":\\\"3\\\",\\\"userId\\\":\\\"0\\\",\\\"longitude\\\":\\\"116.305265\\\"}\",\"target\":{\"restaurantId\":142241057,\"weight\":130,\"probability\":0.04631999880075455},\"come_from\":0,\"next\":{\"restaurantId\":147201834,\"weight\":170,\"probability\":0.03370000049471855}}}",
            "business_info": "{\"lemon_support_tags\": [{\"color\": \"cce23028\", \"text\": \"35减15\", \"border\": \"4ce23028\", \"background\": null, \"type\": 1, \"icon\": null}, {\"color\": \"cce23028\", \"text\": \"55减20\", \"border\": \"4ce23028\", \"background\": null, \"type\": 1, \"icon\": null}, {\"color\": \"cce23028\", \"text\": \"75减30\", \"border\": \"4ce23028\", \"background\": null, \"type\": 1, \"icon\": null}, {\"color\": \"cce23028\", \"text\": \"100减40\", \"border\": \"4ce23028\", \"background\": null, \"type\": 1, \"icon\": null}, {\"color\": \"cce23028\", \"text\": \"199减60\", \"border\": \"4ce23028\", \"background\": null, \"type\": 1, \"icon\": null}, {\"color\": \"a25c03\", \"text\": \"8元会员红包\", \"border\": \"4ca25c03\", \"background\": null, \"type\": 2, \"icon\": null}, {\"color\": \"cce23028\", \"text\": \"品质联盟\", \"border\": \"4ce23028\", \"background\": null, \"type\": 4, \"icon\": null}, {\"color\": \"cce23028\", \"text\": \"首单减17\", \"border\": \"4ce23028\", \"background\": null, \"type\": 5, \"icon\": null}, {\"color\": \"cce23028\", \"text\": \"5折\", \"border\": \"4ce23028\", \"background\": null, \"type\": 7, \"icon\": null}, {\"color\": \"cce23028\", \"text\": \"5元特价\", \"border\": \"4ce23028\", \"background\": null, \"type\": 7, \"icon\": null}, {\"color\": \"cce23028\", \"text\": \"赠\", \"border\": \"4ce23028\", \"background\": null, \"type\": 10, \"icon\": null}], \"ad_info\": null}",
            "delivery_fee_discount": 2,
            "description": "本店香锅底料是由20多种香料熬制而成，经过多次改良，口感主要以鲜香麻辣为主，余香回味无穷！",
            "distance": 1871,
            "favored": false,
            "flavors": [
                {
                    "id": 219,
                    "name": "香锅砂锅"
                },
                {
                    "id": 265,
                    "name": "简餐"
                }
            ],
            "float_delivery_fee": 4,
            "float_minimum_order_amount": 20,
            "has_story": false,
            "id": "E11805074782324134258",
            "image_path": "https://fuss10.elemecdn.com/6/e2/cc7ea96852ee18e07381e165254c9png.png",
            "is_new": false,
            "is_premium": false,
            "is_star": false,
            "is_stock_empty": 0,
            "is_valid": 1,
            "latitude": 40.103165,
            "longitude": 116.291162,
            "max_applied_quantity_per_order": -1,
            "name": "品正元麻辣香锅",
            "next_business_time": "明天 10:00",
            "only_use_poi": false,
            "opening_hours": [
                "10:00/21:00"
            ],
            "order_lead_time": 36,
            "out_of_range": false,
            "phone": "17718304027",
            "piecewise_agent_fee": {
                "description": "配送费¥4",
                "extra_fee": 0,
                "is_extra": true,
                "no_subsidy_fee": "¥6",
                "rules": [
                    {
                        "fee": 4,
                        "price": 20
                    }
                ],
                "tips": "配送费¥4"
            },
            "platform": 0,
            "posters": [],
            "promotion_info": "",
            "rating": 4.5,
            "rating_count": 822,
            "recent_order_num": 833,
            "recommend": {
                "image_hash": "731111f3f9379e772eedf4855beae8a1jpeg",
                "is_ad": true,
                "reason": "广告",
                "track": "{\"rankType\":\"8\"}"
            },
            "recommend_reasons": [],
            "regular_customer_count": 0,
            "scheme": "https://h5.ele.me/shop/#id=E11805074782324134258",
            "status": 1,
            "support_tags": [
                {
                    "border": "dddddd",
                    "color": "666666",
                    "icon": "4e20966ca2a516de3f02fb9c7fd1bc6dpng",
                    "text": "香锅砂锅",
                    "type": 1
                },
                {
                    "border": "dddddd",
                    "color": "333333",
                    "text": "品质联盟"
                }
            ],
            "supports": [
                {
                    "border": "90dddddd",
                    "description": "商家原因导致订单取消，赔付代金券",
                    "icon_color": "999999",
                    "icon_name": "赔",
                    "id": 10,
                    "name": "拒单赔",
                    "text_color": "666666",
                    "two_characters_icon_name": ""
                },
                {
                    "border": "90dddddd",
                    "description": "该商户食品安全已由国泰产险承担，食品安全有保障",
                    "icon_color": "999999",
                    "icon_name": "保",
                    "id": 7,
                    "name": "食安保",
                    "text_color": "666666",
                    "two_characters_icon_name": "保险"
                }
            ],
            "tags": [],
            "theme": {
                "default_color": "2395ff",
                "header_style": 0,
                "hongbao_style": 0,
                "price_color": "ff5339",
                "third_tab_name": "商家",
                "vanish_fields": []
            },
            "type": 0
        }
    },
    {
        "restaurant": {
            "act_tag": 0,
            "activities": [
                {
                    "attribute": "17.0",
                    "description": "新用户下单立减17元",
                    "icon_color": "70bc46",
                    "icon_name": "首",
                    "id": 1979936403,
                    "is_exclusive_with_food_activity": true,
                    "name": "新用户立减(不与其他活动共享)",
                    "tips": "新用户下单立减17元",
                    "type": 103
                },
                {
                    "attribute": "{\"96\": {\"1\": 10.0, \"0\": 0}, \"128\": {\"1\": 13.0, \"0\": 0}, \"34\": {\"1\": 3.0, \"0\": 0}, \"76\": {\"1\": 8.0, \"0\": 0}, \"55\": {\"1\": 5.0, \"0\": 0}}",
                    "description": "满34减3，满55减5，满76减8，满96减10，满128减13",
                    "icon_color": "f07373",
                    "icon_name": "减",
                    "id": 1956895995,
                    "is_exclusive_with_food_activity": true,
                    "name": "自营销复杂满减活动",
                    "tips": "满34减3，满55减5，满76减8，满96减10，满128减13",
                    "type": 102
                },
                {
                    "description": "折扣商品5折起",
                    "icon_color": "f07373",
                    "icon_name": "折",
                    "id": 1922269419,
                    "name": "周四套餐日",
                    "tips": "周四套餐日"
                },
                {
                    "description": "特价商品0.99元起",
                    "icon_color": "f1884f",
                    "icon_name": "换",
                    "id": 1552695177,
                    "name": "超值换购",
                    "tips": "超值换购"
                }
            ],
            "address": "北京市昌平区回龙观镇十三处对面",
            "authentic_id": 3384279622676816,
            "business_info": "{\"lemon_support_tags\": [{\"color\": \"cce23028\", \"text\": \"34减3\", \"border\": \"4ce23028\", \"background\": null, \"type\": 1, \"icon\": null}, {\"color\": \"cce23028\", \"text\": \"55减5\", \"border\": \"4ce23028\", \"background\": null, \"type\": 1, \"icon\": null}, {\"color\": \"cce23028\", \"text\": \"76减8\", \"border\": \"4ce23028\", \"background\": null, \"type\": 1, \"icon\": null}, {\"color\": \"cce23028\", \"text\": \"96减10\", \"border\": \"4ce23028\", \"background\": null, \"type\": 1, \"icon\": null}, {\"color\": \"cce23028\", \"text\": \"128减13\", \"border\": \"4ce23028\", \"background\": null, \"type\": 1, \"icon\": null}, {\"color\": \"a25c03\", \"text\": \"8元会员红包\", \"border\": \"4ca25c03\", \"background\": null, \"type\": 2, \"icon\": null}, {\"color\": \"cce23028\", \"text\": \"品质联盟\", \"border\": \"4ce23028\", \"background\": null, \"type\": 4, \"icon\": null}, {\"color\": \"cce23028\", \"text\": \"首单减17\", \"border\": \"4ce23028\", \"background\": null, \"type\": 5, \"icon\": null}, {\"color\": \"cce23028\", \"text\": \"5折\", \"border\": \"4ce23028\", \"background\": null, \"type\": 7, \"icon\": null}, {\"color\": \"cce23028\", \"text\": \"0.99元特价\", \"border\": \"4ce23028\", \"background\": null, \"type\": 7, \"icon\": null}, {\"color\": \"cce23028\", \"text\": \"领6元红包\", \"border\": \"4ce23028\", \"background\": null, \"type\": 8, \"icon\": null}], \"ad_info\": null}",
            "delivery_fee_discount": 0,
            "description": "",
            "distance": 2041,
            "favored": false,
            "flavors": [
                {
                    "id": 265,
                    "name": "简餐"
                }
            ],
            "float_delivery_fee": 5,
            "float_minimum_order_amount": 50,
            "has_story": false,
            "id": "E4739044093566613982",
            "image_path": "https://fuss10.elemecdn.com/1/9b/f6401b01475ed3ca15aa88f356fe5jpeg.jpeg",
            "is_new": false,
            "is_premium": false,
            "is_star": false,
            "is_stock_empty": 0,
            "is_valid": 1,
            "latitude": 40.110958,
            "longitude": 116.30445,
            "max_applied_quantity_per_order": -1,
            "name": "凌霄阁灶台鱼",
            "next_business_time": "明天 09:50",
            "only_use_poi": false,
            "opening_hours": [
                "09:50/23:00"
            ],
            "order_lead_time": 34,
            "out_of_range": false,
            "phone": "18510077267 13911165267",
            "piecewise_agent_fee": {
                "description": "配送费¥5",
                "extra_fee": 0,
                "is_extra": false,
                "no_subsidy_fee": "",
                "rules": [
                    {
                        "fee": 5,
                        "price": 50
                    }
                ],
                "tips": "配送费¥5"
            },
            "platform": 0,
            "posters": [],
            "promotion_info": "欢迎订餐！！！小店美食均是现做现售哦，平均送达时间为40分钟左右，高峰、雨雪天气期间请勿催促订单。接受团体订餐，可电话联系，满100元可备注索取报销小票哦。期待您的光临！！",
            "rating": 4.7,
            "rating_count": 455,
            "recent_order_num": 1727,
            "recommend": {
                "is_ad": false,
                "reason": ""
            },
            "recommend_reasons": [
                {
                    "name": "回头客多"
                }
            ],
            "regular_customer_count": 0,
            "scheme": "https://h5.ele.me/shop/#id=E4739044093566613982",
            "status": 1,
            "support_tags": [
                {
                    "border": "dddddd",
                    "color": "666666",
                    "icon": "4e20966ca2a516de3f02fb9c7fd1bc6dpng",
                    "text": "简餐",
                    "type": 1
                },
                {
                    "border": "dddddd",
                    "color": "333333",
                    "text": "品质联盟"
                }
            ],
            "supports": [
                {
                    "border": "90dddddd",
                    "description": "该商户食品安全已由国泰产险承担，食品安全有保障",
                    "icon_color": "999999",
                    "icon_name": "保",
                    "id": 7,
                    "name": "食安保",
                    "text_color": "666666",
                    "two_characters_icon_name": "保险"
                }
            ],
            "tags": [],
            "theme": {
                "default_color": "2395ff",
                "header_style": 0,
                "hongbao_style": 0,
                "price_color": "ff5339",
                "third_tab_name": "商家",
                "vanish_fields": []
            },
            "type": 0
        }
    }
]
