[
    {
        "id": "B023B08WDR",
        "name": "杭州东站",
        "district": "浙江省杭州市上城区",
        "adcode": "330102",
        "location": {
            "Q": 30.290851,
            "R": 120.21260000000001,
            "lng": 120.2126,
            "lat": 30.290851
        },
        "address": "天城路1号",
        "typecode": "150200",
        "city": []
    },
    {
        "id": "B023B07ERI",
        "name": "杭州站",
        "district": "浙江省杭州市上城区",
        "adcode": "330102",
        "location": {
            "Q": 30.243486,
            "R": 120.182882,
            "lng": 120.182882,
            "lat": 30.243486
        },
        "address": "环城东路1号",
        "typecode": "150200",
        "city": []
    },
    {
        "id": "B0FFFYUWRA",
        "name": "杭州南站",
        "district": "浙江省杭州市萧山区",
        "adcode": "330109",
        "location": {
            "Q": 30.17264,
            "R": 120.295589,
            "lng": 120.295589,
            "lat": 30.17264
        },
        "address": "站前路328号",
        "typecode": "150200",
        "city": []
    },
    {
        "id": "B0FFF35KMR",
        "name": "杭州东站(南进站口)",
        "district": "浙江省杭州市上城区",
        "adcode": "330102",
        "location": {
            "Q": 30.290912,
            "R": 120.213774,
            "lng": 120.213774,
            "lat": 30.290912
        },
        "address": "天城路1号杭州东站",
        "typecode": "150202",
        "city": []
    },
    {
        "id": "",
        "name": "杭州市",
        "district": "浙江省杭州市",
        "adcode": "330102",
        "location": "",
        "address": "上城区",
        "typecode": "190104",
        "city": []
    },
    {
        "id": "B023B13L9M",
        "name": "杭州西湖风景名胜区",
        "district": "浙江省杭州市西湖区",
        "adcode": "330106",
        "location": {
            "Q": 30.222718,
            "R": 120.12128100000001,
            "lng": 120.121281,
            "lat": 30.222718
        },
        "address": "龙井路1号",
        "typecode": "110202",
        "city": []
    },
    {
        "id": "B023B1EQ98",
        "name": "杭州东站(东进站口)",
        "district": "浙江省杭州市上城区",
        "adcode": "330102",
        "location": {
            "Q": 30.292279,
            "R": 120.21462300000002,
            "lng": 120.214623,
            "lat": 30.292279
        },
        "address": "天城路1号杭州东站",
        "typecode": "150202",
        "city": []
    },
    {
        "id": "B0FFGF8BM8",
        "name": "杭州大厦",
        "district": "浙江省杭州市拱墅区",
        "adcode": "330105",
        "location": {
            "Q": 30.274113,
            "R": 120.16081099999997,
            "lng": 120.160811,
            "lat": 30.274113
        },
        "address": "武林广场21号",
        "typecode": "060102|120201",
        "city": []
    },
    {
        "id": "B023B09GXZ",
        "name": "杭州萧山国际机场",
        "district": "浙江省杭州市萧山区",
        "adcode": "330109",
        "location": {
            "Q": 30.234708,
            "R": 120.432414,
            "lng": 120.432414,
            "lat": 30.234708
        },
        "address": "空港大道1号",
        "typecode": "150104",
        "city": []
    },
    {
        "id": "B0FFFOG7YU",
        "name": "杭州东站(北进站口)",
        "district": "浙江省杭州市上城区",
        "adcode": "330102",
        "location": {
            "Q": 30.291816,
            "R": 120.21266000000003,
            "lng": 120.21266,
            "lat": 30.291816
        },
        "address": "天城路1号杭州东站",
        "typecode": "150202",
        "city": []
    }
]
