{
    "brand_intros": [
        {
            "brief": "1954年的美国，美食家James W Mclamore和David Edgerton最初的想法很简单，就是将更多美味，高品质，价格合理的汉堡带给每位顾客，他们想要将火焰烧烤的精华灌注于每一个汉堡中。\n汉堡王主张“真正火烤”的美味享受，精心选用100%纯牛肉饼，在超过300度高温设备上翻烤，快速锁住肉质的汁水，去除多余油腻，散发一种独特的香味，使得每片牛肉饼上都留下一条条独特火烤烤纹烙印。\n明星皇堡诞生于1957年，使用100%牛肉，经过高温火烤，肉质紧实，鲜嫩多汁，加入番茄，酸黄瓜等蔬菜，口感丰富更添美味爽口。8种原料层层叠加，分量十足。作为汉堡王标志性产品，它每年销量超过2.1亿个。",
            "image_hash": "https://fuss10.elemecdn.com/6/86/9b4a88cbf2d93d90be2baa8fdaf64png.png"
        }
    ],
    "header_image": "https://fuss10.elemecdn.com/6/86/9b4a88cbf2d93d90be2baa8fdaf64png.png",
    "title": "真正火烤，始于1954"
}
