{
    "swipeImgs": [
        "https://fuss10.elemecdn.com/4/48/37fce9a4ffbec79293357f68ecfcbjpeg.jpeg",
        "https://fuss10.elemecdn.com/1/9c/d8da44b63fa1208476992df88edc9jpeg.jpeg",
        "https://fuss10.elemecdn.com/2/f6/36e52bca0d6db458e9855b7fc5813jpeg.jpeg",
        "https://fuss10.elemecdn.com/7/25/384310fa6b1ab447414ec17e750bbjpeg.jpeg"
    ],
    "entries": [
        [
            {
                "name": "美食",
                "image": "https://fuss10.elemecdn.com/7/d8/a867c870b22bc74c87c348b75528djpeg.jpeg"
            },
            {
                "name": "商超便利",
                "image": "https://fuss10.elemecdn.com/c/7e/76a23eb90dada42528bc41499d6f8jpeg.jpeg"
            },
            {
                "name": "水果",
                "image": "https://fuss10.elemecdn.com/0/d0/dd7c960f08cdc756b1d3ad54978fdjpeg.jpeg"
            },
            {
                "name": "医药健康",
                "image": "https://fuss10.elemecdn.com/7/0a/af108e256ebc9f02db599592ae655jpeg.jpeg"
            },
            {
                "name": "浪漫鲜花",
                "image": "https://fuss10.elemecdn.com/3/01/c888acb2c8ba9e0c813f36ec9e90ajpeg.jpeg"
            },
            {
                "name": "跑腿代购",
                "image": "https://fuss10.elemecdn.com/e/58/bceb19258e3264e64fb856722c3c1jpeg.jpeg"
            },
            {
                "name": "汉堡披萨",
                "image": "https://fuss10.elemecdn.com/b/7f/432619fb21a40b05cd25d11eca02djpeg.jpeg"
            },
            {
                "name": "厨房生鲜",
                "image": "https://fuss10.elemecdn.com/c/21/e42997b86b232161a5a16ab813ae8jpeg.jpeg"
            },
            {
                "name": "炸鸡炸串",
                "image": "https://fuss10.elemecdn.com/a/78/0fb469b2da210827ec16896e00420jpeg.jpeg"
            },
            {
                "name": "地方菜系",
                "image": "https://fuss10.elemecdn.com/a/8a/ec21096d528b7cfd23cdd894f01c6jpeg.jpeg"
            }
        ],
        [
            {
                "name": "麻辣烫",
                "image": "https://fuss10.elemecdn.com/e/c7/b7ba9547aa700bd20d0420e1794a8jpeg.jpeg"
            },
            {
                "name": "下午茶",
                "image": "https://fuss10.elemecdn.com/0/1a/314b6da88ab6c7ae9828f91652d40jpeg.jpeg"
            },
            {
                "name": "地方小吃",
                "image": "https://fuss10.elemecdn.com/7/d6/6f2631288a44ec177204e05cbcb93jpeg.jpeg"
            },
            {
                "name": "大牌惠吃",
                "image": "https://fuss10.elemecdn.com/a/7b/b02bd836411c016935d258b300cfejpeg.jpeg"
            },
            {
                "name": "米粉面馆",
                "image": "https://fuss10.elemecdn.com/e/89/185f7259ebda19e16123884a60ef2jpeg.jpeg"
            },
            {
                "name": "包子粥店",
                "image": "https://fuss10.elemecdn.com/5/1a/dc885d2ce022d2ee60495acafb795jpeg.jpeg"
            },
            {
                "name": "速食简餐",
                "image": "https://fuss10.elemecdn.com/d/38/7bddb07503aea4b711236348e2632jpeg.jpeg"
            }
        ]
    ]
}
