{
    "restaurants": [
        {
            "distance": 1938,
            "float_delivery_fee": 4,
            "float_minimum_order_amount": 20,
            "id": "E17566578211252077944",
            "image_path": "https://fuss10.elemecdn.com/b/a6/a17f3fea9990d8fbe07e39ad7a2e0png.png",
            "name": "汉堡王（北京珠江摩尔国际店21157）",
            "rating": 4.8,
            "recent_order_num": 2472,
            "scheme": "eleme://catering?restaurant_id=E17566578211252077944",
            "tags": [
                {
                    "name": "减",
                    "name_color": "FA7047"
                },
                {
                    "name": "蜂鸟",
                    "name_color": "2395FF"
                }
            ],
            "type": 0
        },
        {
            "distance": 3565,
            "float_delivery_fee": 3,
            "float_minimum_order_amount": 20,
            "id": "E9957236173227791369",
            "image_path": "https://fuss10.elemecdn.com/5/4f/510b65e21ec5326bce65e6a11d318jpeg.jpeg",
            "name": "开心时刻大鸡排炸鸡汉堡(回龙观店)",
            "rating": 4.7,
            "recent_order_num": 3329,
            "scheme": "eleme://catering?restaurant_id=E9957236173227791369",
            "tags": [
                {
                    "name": "减",
                    "name_color": "FA7047"
                }
            ],
            "type": 0
        },
        {
            "distance": 3847,
            "float_delivery_fee": 5,
            "float_minimum_order_amount": 20,
            "id": "E16992800632698766123",
            "image_path": "https://fuss10.elemecdn.com/7/f2/3dca17fdf626c3616affc49751c0fjpeg.jpeg",
            "name": "华莱士炸鸡汉堡(北京回龙观店)",
            "rating": 4.7,
            "recent_order_num": 2421,
            "scheme": "eleme://catering?restaurant_id=E16992800632698766123",
            "tags": [
                {
                    "name": "减",
                    "name_color": "FA7047"
                }
            ],
            "type": 0
        },
        {
            "distance": 4167,
            "float_delivery_fee": 3,
            "float_minimum_order_amount": 20,
            "id": "E11343136446086719538",
            "image_path": "https://fuss10.elemecdn.com/1/57/74df397f507f8b0eec88fe06bec01png.png",
            "name": "美吉特炸鸡汉堡(回龙观店)",
            "rating": 4.5,
            "recent_order_num": 1812,
            "scheme": "eleme://catering?restaurant_id=E11343136446086719538",
            "tags": [
                {
                    "name": "减",
                    "name_color": "FA7047"
                }
            ],
            "type": 0
        }
    ],
    "words": [
        "汉堡",
        "汉堡王",
        "汉堡包",
        "鸡腿汉堡",
        "牛肉汉堡",
        "鸡肉汉堡",
        "米汉堡",
        "加州汉堡"
    ]
}
