{
    "_id": "5cd437fef7a6970017c415fe",
    "phone": "15556796025",
    "myAddress": [
        {
            "_id": "34sdfg4w5er5ydsfgtt674t",
            "name": "吴先生",
            "sex": "先生",
            "phone": "15556796025",
            "address": "印象城黑龙江省哈尔滨市阿城区会宁路314号",
            "bottom": "1308",
            "tag": "公司"
        },
        {
            "_id": "34sndf97w345burgfwber",
            "name": "吴海洋",
            "sex": "先生",
            "phone": "15556796025",
            "address": "浙江省杭州市萧山区鸿宁路123号",
            "bottom": "1308",
            "tag": "家"
        }
    ],
    "__v": 13
}
